{"lib/assets/banner/1.png":["lib/assets/banner/1.png"],"lib/assets/banner/2.png":["lib/assets/banner/2.png"],"lib/assets/banner/3.png":["lib/assets/banner/3.png"],"lib/assets/banner/4.png":["lib/assets/banner/4.png"],"lib/assets/banner/5.png":["lib/assets/banner/5.png"],"lib/assets/snackbar/back.svg":["lib/assets/snackbar/back.svg"],"lib/assets/snackbar/bubbles.svg":["lib/assets/snackbar/bubbles.svg"],"lib/assets/snackbar/types/failure.svg":["lib/assets/snackbar/types/failure.svg"],"lib/assets/snackbar/types/help.svg":["lib/assets/snackbar/types/help.svg"],"lib/assets/snackbar/types/success.svg":["lib/assets/snackbar/types/success.svg"],"lib/assets/snackbar/types/warning.svg":["lib/assets/snackbar/types/warning.svg"],"packages/awesome_dialog/assets/flare/error.flr":["packages/awesome_dialog/assets/flare/error.flr"],"packages/awesome_dialog/assets/flare/info.flr":["packages/awesome_dialog/assets/flare/info.flr"],"packages/awesome_dialog/assets/flare/info2.flr":["packages/awesome_dialog/assets/flare/info2.flr"],"packages/awesome_dialog/assets/flare/info_without_loop.flr":["packages/awesome_dialog/assets/flare/info_without_loop.flr"],"packages/awesome_dialog/assets/flare/question.flr":["packages/awesome_dialog/assets/flare/question.flr"],"packages/awesome_dialog/assets/flare/succes.flr":["packages/awesome_dialog/assets/flare/succes.flr"],"packages/awesome_dialog/assets/flare/succes_without_loop.flr":["packages/awesome_dialog/assets/flare/succes_without_loop.flr"],"packages/awesome_dialog/assets/flare/warning.flr":["packages/awesome_dialog/assets/flare/warning.flr"],"packages/awesome_dialog/assets/flare/warning_without_loop.flr":["packages/awesome_dialog/assets/flare/warning_without_loop.flr"],"packages/awesome_dialog/assets/rive/error.riv":["packages/awesome_dialog/assets/rive/error.riv"],"packages/awesome_dialog/assets/rive/info.riv":["packages/awesome_dialog/assets/rive/info.riv"],"packages/awesome_dialog/assets/rive/info_reverse.riv":["packages/awesome_dialog/assets/rive/info_reverse.riv"],"packages/awesome_dialog/assets/rive/question.riv":["packages/awesome_dialog/assets/rive/question.riv"],"packages/awesome_dialog/assets/rive/success.riv":["packages/awesome_dialog/assets/rive/success.riv"],"packages/awesome_dialog/assets/rive/warning.riv":["packages/awesome_dialog/assets/rive/warning.riv"],"packages/cupertino_icons/assets/CupertinoIcons.ttf":["packages/cupertino_icons/assets/CupertinoIcons.ttf"]}